{
  "Actor": {
    "types": [
      "character"
    ],
    "templates": {
      "base": {
        "health": {
          "value": 10,
          "min": 0,
          "max": 10
        },
        "biography": ""
      }
    },
    "character": {
      "templates": [
        "base"
      ],
      "ancestry": {
        "value": ""
      },
      "class": {
        "value": ""
      },
      "fatigue": {
        "value": 0
      },
      "magic": {
        "value": 0
      },
      "wounds": {
        "value": 0,
        "min": 0,
        "max": 5
      },
      "level": {
        "value": 1
      },
      "abilities": {
        "str": {
          "value": 10
        },
        "agi": {
          "value": 10
        },
        "mind": {
          "value": 10
        }
      },
      "combat": {
        "ac": {
          "value": 10
        },
        "cb": {
          "value": 1
        },
        "init": {
          "value": 0
        }
      }
    }
  },
  "Item": {
    "types": [
      "item",
      "skill",
      "weapon"
    ],
    "templates": {
      "base": {
        "description": ""
      }
    },
    "item": {
      "templates": [
        "base"
      ],
      "quantity": 1
    },
    "skill": {
      "templates": [
        "base"
      ],
      "mod": 1
    },
    "weapon": {
      "templates": [
        "base"
      ],
      "attack": {
        "die": "1d20",
        "stat": "str",
        "bonus": ""
      },
      "damage": {
        "die": "1d6",
        "stat": "str",
        "bonus": ""
      }
    }
  }
}